Name,Frequency,Confidence,Sanskrit_Meaning,Name_Type,Source_Context,Part_Found,Page_Found,Quality_Score,Starting_Pattern
Sankara,751,0.8,Name/epithet requiring verification,proper_noun,"of the ruler of Vidarbha, 2s, wonhip at the time of PAdo'3, 282, 299 Skanda PMrilf)a wonhip of Sanka...",Part 9,Page 423,600.8000000000001,Sa
Sacrifice,561,0.8,Name/epithet requiring verification,divine_epithet,ful benefit of Rijasiiyas and Asvamedhas. CHAPTER ONE HUNDRED NINETYNINE Destruction of Dak~a' s Sac...,Part 20,Page 132,448.8,Sa
Sakra,541,0.8,Name/epithet requiring verification,divine_epithet,All of them then began to argue. Some knew that the Sun-god was the greatest (god). Some said that S...,Part 7,Page 106,432.8,Sa
Sarasvati,442,0.8,"Related to: Reed bed, birthplace of Kārttikeya",divine_epithet,me. He earned the reputation of being a Saradeya ( 'child of Sarada' or 'one pertaining to Goddess S...,Part 9,Page 386,353.6,Sa
Sacrifices,379,0.8,Name/epithet requiring verification,proper_noun,e of sacrifice. I am to ~e praised and worshipped in all the sacrifices by excellent Brihmar:ias. Sa...,Part 20,Page 358,303.2,Sa
Save,345,0.8,Name/epithet requiring verification,divine_epithet,"me, 0 lord of the worlds. Protect me, 0 Sankara, the eternal one. Save me, 0 Rudra, 0 Viriipik~a. Sa...",Part 9,Page 358,276.0,Sa
Sakti,322,0.8,Name/epithet requiring verification,proper_noun,when seen. 18. In the north of the holy spot occupying the ground extending to that much is the Sakt...,Part 9,Page 145,257.6,Sa
Sacrificial,304,0.8,Name/epithet requiring verification,divine_epithet,"ng them fighting thus, the Lord spoke to the Brahmai:ias: ""Even at the very outskirts of the Sala (S...",Part 12,Page 98,243.20000000000002,Sa
Satisfaction,265,0.8,Name/epithet requiring verification,divine_epithet,"). You are Vibhivari (night, excel- lent in lustre). You are Svahi. Your are Svadhi. You are Tufp (S...",Part 17,Page 301,212.0,Sa
Sambhu,227,0.8,Name/epithet requiring verification,divine_relation,ru the woman became successful in making her mind pure. She frequently meditated on the person of Sa...,Part 9,Page 409,181.60000000000002,Sa
Sarilbhu,222,0.8,Name/epithet requiring verification,divine_epithet,"illuminated by opposite quali- ties, 0 glorious Mahesa, direct your kind glance towards me. 108. 0 S...",Part 9,Page 409,177.60000000000002,Sa
Sarhbhu,200,0.8,Name/epithet requiring verification,divine_epithet,"sages, you are all contented and blessed, be- cause you take in the fresh nectar of the stories of S...",Part 9,Page 411,160.0,Sa
Sandal,135,0.8,Name/epithet requiring verification,proper_noun,"e- ginning. 44 4 7. On the twelfth day, the devotee should worship die Yajftavarlha made of gold. Sa...",Part 5,Page 201,108.0,Sa
Sand,122,0.8,Name/epithet requiring verification,divine_epithet,"ter thinking thus mentally, Hanuman, the son of Wind-god, the powerful monkey, caught hold of that S...",Part 8,Page 313,97.60000000000001,Sa
Sati,112,0.8,Name/epithet requiring verification,divine_epithet,ing her the Bull silently bore the goddess on his back. 40. Crores of groups of goblins followed Sat...,Part 7,Page 41,89.60000000000001,Sa
Sattva,111,0.8,Name/epithet requiring verification,divine_epithet,"to those (of Maya). 52. Helpless by itself, a creature chased by Vasana, attains godhood through Sat...",Part 9,Page 333,88.80000000000001,Sa
Savitri,105,0.8,Name/epithet requiring verification,divine_epithet,"Sida narrated: 7-12. Formerly, the self-born, four-faced Lord Brahma was present in his assembly. Sa...",Part 8,Page 43,84.0,Sa
Sadasiva,100,0.8,Name/epithet requiring verification,divine_epithet,"he Lord of Gauri, having the lustre of ten million suns, the three-eyed, five-faced, blue-throated S...",Part 9,Page 410,80.0,Sa
Salute,97,0.8,Name/epithet requiring verification,divine_epithet,"worldly affairs. Obeisance to you, the son of the Wind-god, who consider Brahmai:ias as gods. 6. Sal...",Part 9,Page 213,77.60000000000001,Sa
Sankha,89,0.8,Name/epithet requiring verification,divine_epithet,"erful Visvedevas, the other lords of spirits capable of annihilating the worlds, Mahikila, Nandin, S...",Part 9,Page 365,71.2,Sa
Saktis,84,0.8,Name/epithet requiring verification,proper_noun,"n special signs, should be worshipped along with the following: Repeated first parts, five Miirti Sa...",Part 9,Page 300,67.2,Sa
Sanatkumara,80,0.8,Name/epithet requiring verification,divine_epithet,is the most excellent of all pious practices unto all living beings. It is enjoined by the Vedas. Sa...,Part 9,Page 367,64.0,Sa
Salt,74,0.8,Name/epithet requiring verification,proper_noun,"39, 1046, 1047 Saligrama worship 1043 Salihotras 465 Sallaka 966 Salmali 1109 Salmalikii~ 985 Salt 7...",Part 18,Page 479,59.2,Sa
Sanaka,71,0.8,Name/epithet requiring verification,divine_epithet,"ev as and got satisfaction. These disciples, I and other sages, royal sages, the celestial saints Sa...",Part 9,Page 268,56.800000000000004,Sa
Sandhya,70,0.8,Name/epithet requiring verification,proper_noun,ater with purified intellect. He should be delighted in his mind. If any man does not perform his Sa...,Part 8,Page 372,56.0,Sa
Sandals,67,0.8,Name/epithet requiring verification,divine_epithet,"arayal')a (th<"" primordial Narayar:ia) visualized the future task, stepped on the (Vehicle-like?) Sa...",Part 19,Page 308,53.6,Sa
Satakratu,66,0.8,Name/epithet requiring verification,divine_epithet,"of Death, as though he would swallow him and licking the mouth (with the tongue) frequently, Lord Sa...",Part 20,Page 286,52.800000000000004,Sa
Samba,63,0.8,Name/epithet requiring verification,proper_noun,"VI.I.!08.1-10 681 to Samba. Therefore, formerly Vifl)U became famous by the name Apara. A devotee sh...",Part 20,Page 320,50.400000000000006,Sa
Saci,62,0.8,Name/epithet requiring verification,divine_epithet,"dharmi. He could get no sleep, no happiness, no tranquillity. 35-36. Then the lord and consort of Sa...",Part 9,Page 25,49.6,Sa
Santi,60,0.8,Name/epithet requiring verification,divine_epithet,Yauvanasva (are the Pravaras). Santa is the deity here. She is the giver of peace in the rites of Sa...,Part 9,Page 242,48.0,Sa
Sagara,57,0.8,Name/epithet requiring verification,divine_epithet,5. It was in this Manvantara that this ocean was dug up in all the four directions by the sons of Sa...,Part 20,Page 23,45.6,Sa
Sandhyi,55,0.8,Name/epithet requiring verification,divine_epithet,restraint on his speech. He should take to the routine vows and observances. After performing the Sa...,Part 9,Page 297,44.0,Sa
Sanctify,52,0.8,Name/epithet requiring verification,divine_epithet,"his entire universe consisting of mobile and immobile beings has you alone for its refuge, 0 Lord. S...",Part 5,Page 241,41.6,Sa
Saiva,52,0.8,Name/epithet requiring verification,proper_noun,the performance of penance by Plrvati. The procedure of Siva-worship as detailed here is based on Sa...,Part 3,Page 163,41.6,Sa
Salva,52,0.8,Name/epithet requiring verification,divine_relation,y shall be cJean and free from impurities. For the populari1.&tion of the cult and conventions of Sa...,Part 3,Page 56,41.6,Sa
Saturn,49,0.8,Name/epithet requiring verification,sacred_place,arls) and the name is Loka• trayalrita ('the Support of the three worlds'). Sani (i.e. the planet Sa...,Part 2,Page 121,39.2,Sa
Sarayii,48,0.8,"Related to: Reed bed, birthplace of Kārttikeya",divine_epithet,"lk garments and different kinds of fine fabrics to Lord Ramanatha. Ganga, the meritorious Yamuna, Sa...",Part 8,Page 325,38.400000000000006,Sa
Sattra,48,0.8,Name/epithet requiring verification,divine_epithet,"The sages bowed to him and eulogized him. The sages said: 6b-9. 0 holy lord, at the time of the Satt...",Part 9,Page 151,38.400000000000006,Sa
Saunaka,47,0.8,Name/epithet requiring verification,divine_epithet,"the race of Kama (god of Love). Thanks to th~ greatness of the Tinha. Srf Suta said: 60. Thus, 0 Sau...",Part 4,Page 139,37.6,Sa
Sayujya,47,0.8,Name/epithet requiring verification,divine_epithet,"iva is pleased with him. 204. He who reads or listens to this excellent glory four times, attains Sa...",Part 8,Page 374,37.6,Sa
Satyaloka,47,0.8,Name/epithet requiring verification,divine_epithet,"then, he gave up his life and went to the firmament above. 22. Then the Devas who had come from Saty...",Part 9,Page 92,37.6,Sa
Sanctifier,45,0.8,Name/epithet requiring verification,divine_epithet,"ot-warriors), (33) Riijnlpati1 (Lord of kings?), (34) Svar1.1aretas (Gold-semcned), (35) Pu1an (Sanc...",Part 2,Page 410,36.0,Sa
Sani,41,0.8,Name/epithet requiring verification,divine_epithet,nt-head of this god is a substitution for the original head which fell down due to the evil eye of S...,Part 2,Page 233,32.800000000000004,Sa
Satya,40,0.8,Name/epithet requiring verification,divine_epithet,blished by the Dev as for the sake of general protection. Only from then has that city been named 'S...,Part 9,Page 93,32.0,Sa
Sadhyas,40,0.8,Name/epithet requiring verification,proper_noun,"a and others, Sanaka and other noble-souled ones attend and worship seated there. So also sages, Sad...",Part 9,Page 266,32.0,Sa
Sands,40,0.8,Name/epithet requiring verification,divine_epithet,"118 Sanandana 118 Sanitana 118 Sanatkumira 234, 255 Sar:ujilya 222, 225 Sands, 10tden 85, 90 Sands, ...",Part 5,Page 276,32.0,Sa
Sangama,36,0.8,Name/epithet requiring verification,proper_noun,"tres). This holy spot is the bestower of all desired objects. 126. Thus, this sacred Mahi-Sagara-San...",Part 2,Page 578,28.8,Sa
Saman,36,0.8,Name/epithet requiring verification,divine_epithet,"All the four Vedas stand in the proper order at the side of the Lord. They are called ~k. Yajus, Sam...",Part 6,Page 42,28.8,Sa
Sapphire,36,0.8,Name/epithet requiring verification,divine_epithet,came delighted. They spoke to Lord Brahma thus: The Devas said: 51-54. How did that Lord of Blue Sap...,Part 5,Page 142,28.8,Sa
Sauri,34,0.8,Name/epithet requiring verification,divine_epithet,na (getting up rev- erentially) rite in accordance with the injunctions in his branch of Veda. The S...,Part 9,Page 48,27.200000000000003,Sa
Saura,33,0.8,Name/epithet requiring verification,divine_epithet,i. (Thus) he became the Lord of the worlds. J 16. In the northern quarter there is a Ttrtha named Sa...,Part 3,Page 44,26.400000000000002,Sa
Savitr,33,0.8,Name/epithet requiring verification,divine_epithet,"d of the chiefs of Devas, obeisance to you; to the lord in the form of consciousness. Obeisance to S...",Part 7,Page 211,26.400000000000002,Sa
Saturday,33,0.8,Name/epithet requiring verification,proper_noun,"odied ones. Fortunately this cowherd boy worshipped, albeit without the requisite Mantra, Siva on Sa...",Part 9,Page 290,26.400000000000002,Sa
Saptami,31,0.8,Name/epithet requiring verification,divine_epithet,"a rite 982, 988 Saptagodivari 435 "" Sivitri 746, 749, 750, 788, 789, 799, 800, Saptami 671, 956 Sapt...",Part 18,Page 480,24.8,Sa
Satyavati,31,0.8,Name/epithet requiring verification,divine_epithet,"t excellent one- among those c-onversant with Purai:ias, bowed down his head to Vyasa, the son of Sa...",Part 19,Page 14,24.8,Sa
Saligrama,30,0.8,Name/epithet requiring verification,proper_noun,"5 Sakuna 161 Sakuni 300 Salagra.ma 1085, 1086, 1105 Salakarman 548 Saligrarna 839, 1046, 1047 Saligr...",Part 18,Page 479,24.0,Sa
Sattvika,29,0.8,Name/epithet requiring verification,divine_epithet,"When meditated, seen or remembered, the Lord of the universe is always a bestower of salvation on Sa...",Part 5,Page 239,23.200000000000003,Sa
Sanaiscara,29,0.8,Name/epithet requiring verification,divine_epithet,"at goddess, the pilgrim should pro- ceed to the Liriga well installed by Rahu to the north-west of S...",Part 19,Page 264,23.200000000000003,Sa
Sakalya,28,0.8,Name/epithet requiring verification,divine_epithet,"74 Skanda Purlfa Kalyapa said: 63-67. 9 Sakalya, 0 favourite of Hari, 0 holy lord conver- sant with ...",Part 4,Page 83,22.400000000000002,Sa
Sama,26,0.8,Name/epithet requiring verification,divine_epithet,"21. I S-24 173 15. You are Buddhi and I am Rija-Rija (i.e. Supreme sove- reign, Kubera?). You are Sa...",Part 3,Page 177,20.8,Sa
Sari,26,0.8,Name/epithet requiring verification,divine_epithet,"untainous region (nc-ar the source of Yamun.i). 221. Savan)i, the highly t""stct•mf""d son of Chaya Sa...",Part 19,Page 94,20.8,Sa
Sastras,26,0.8,Name/epithet requiring verification,divine_epithet,"son. On being told thus, Lord Rama said to those sages. Rama said: 33-39. 0 pious believers (in Sast...",Part 8,Page 135,20.8,Sa
Sara,26,0.8,"Related to: Reed bed, birthplace of Kārttikeya",divine_epithet,"arned Guha was crowned as the overlord of goblins, ghosts and van1pires on the banks of the river Sa...",Part 2,Page 457,20.8,Sa
Sadisiva,26,0.8,Name/epithet requiring verification,divine_epithet,"als, fear from poison, ailments and the distress due to malignant Planets. Orn, obeisance to Lord Sa...",Part 9,Page 345,20.8,Sa
Satarudriya,25,0.8,Name/epithet requiring verification,proper_noun,"bath in accor- dance with the injunctions, worships Siddhanatha and repeat- edly recites the Mantra ...",Part 20,Page 309,20.0,Sa
Salagrama,25,0.8,Name/epithet requiring verification,divine_epithet,"by those of sages. 0 Madhavi, I shall describe the chief ones among these accu- rately. Listen: Sala...",Part 4,Page 15,20.0,Sa
Sahya,25,0.8,Name/epithet requiring verification,divine_epithet,"ths passed by, when you continued to be vicious. 29. In the tenth birth you were a hunter on the Sah...",Part 7,Page 83,20.0,Sa
Sahara,25,0.8,Name/epithet requiring verification,proper_noun,"e Sabari of firm resolve, entered the blazing fire and was reduced to ash in a moment. 47. That Saha...",Part 9,Page 374,20.0,Sa
Sabara,24,0.8,Name/epithet requiring verification,sacred_place,"e had been accompanied by some servants too. 13. In the course of hunting his servant, a certain Sab...",Part 9,Page 372,19.200000000000003,Sa
Sangamesvara,21,0.8,Name/epithet requiring verification,divine_epithet,ra. Those men who take their bath at the confluence well-known throughout the world and view Lord Sa...,Part 20,Page 237,16.8,Sa
Sarnga,21,0.8,Name/epithet requiring verification,divine_epithet,"es of beauty. Then was born Godd!ss Wine, the goddess that inebriates all. 14. Then came out the Sar...",Part 7,Page 273,16.8,Sa
Sankar,21,0.8,Name/epithet requiring verification,divine_epithet,n the ocean of wonder. 14. The king regarded that the Vyuhas (manifestations) such as Vasudeva (Sank...,Part 7,Page 358,16.8,Sa
Sank,20,0.8,Name/epithet requiring verification,divine_epithet,"o t·xn·,.., ot dt'light and prayed for a boon. 71-73. 0 Lord o( Devas, 0 Lord of the umverst', 0 San...",Part 11,Page 350,16.0,Sa
Samudra,20,0.8,Name/epithet requiring verification,divine_epithet,by means of the pots kept ready with per- fumed water duly consecrated by repetition of the Mantra S...,Part 5,Page 195,16.0,Sa
Satyamandira,20,0.8,Name/epithet requiring verification,divine_epithet,"by Brahma, Vi~r,u, Siva and others, the lords of Devas. It was (called) Dharmara.,ya in Kftayuga, Sa...",Part 9,Page 250,16.0,Sa
Samkalpa,19,0.8,Name/epithet requiring verification,proper_noun,"Accept in the company of Parvati, the worship performed by me unto you."" 30. After uttering the Samk...",Part 9,Page 299,15.200000000000001,Sa
Samidhi,19,0.8,Name/epithet requiring verification,divine_epithet,ourage through Dhira:Q.i and the vision of God through Samidhi. 9S. One attains salvation through Sa...,Part 10,Page 466,15.200000000000001,Sa
Sarasvata,19,0.8,"Related to: Reed bed, birthplace of Kārttikeya",proper_noun,iilukalinga ('Linga made of sand') repeat- ing the name Varada ('Bestower of boons') of Hara. 163. S...,Part 2,Page 122,15.200000000000001,Sa
Saivism,18,0.8,Name/epithet requiring verification,divine_epithet,1ed as the supreme Lord. Why then have you pointed out a defect in regard to his initiation (into Sa...,Part 18,Page 439,14.4,Sa
Satrughna,18,0.8,Name/epithet requiring verification,proper_noun,of their father to heaven. Rima consoled Bharata and made him (agree) to return. Then Bharata and Sa...,Part 9,Page 166,14.4,Sa
Sanatlcumara,18,0.8,Name/epithet requiring verification,divine_epithet,"ess is assured? 0 holy Sir, tell this to me for the sake of the welfare of all embodied beings."" San...",Part 12,Page 172,14.4,Sa
Samaveda,18,0.8,Name/epithet requiring verification,proper_noun,"fruits should be offered uttering the Mula Man- tra. The devotee should worship ~eda, Y~jurveda and ...",Part 19,Page 360,14.4,Sa
Sanatkumira,17,0.8,Name/epithet requiring verification,divine_epithet,"aled from all Ii ving beings. 72. After saying this, holy Lord Rudra vanished there itself. Sage San...",Part 9,Page 370,13.600000000000001,Sa
Samvarta,17,0.8,Name/epithet requiring verification,divine_relation,"has entered the sacred fire instantly. 0 leading Brahma.r:ia, we do not know the reason thereof. Sam...",Part 18,Page 422,13.600000000000001,Sa
Sarhsara,16,0.8,Name/epithet requiring verification,divine_epithet,- tor of sages. Niirada said: 2. The Kriyi-Yoga bestowing the great fruit (i.e. liberation from Sarh...,Part 7,Page 352,12.8,Sa
Sathbhu,16,0.8,Name/epithet requiring verification,divine_epithet,"you. Taraka, the enemy of Devas, can be killed only thus. My word cannot be otherwise. So, 0 lord Sa...",Part 1,Page 202,12.8,Sa
Sanandana,16,0.8,Name/epithet requiring verification,divine_epithet,"ve resorted to Pravrtta Dharma (should) worship that very Lord. 29-30. Sana, Sanatsujita, Sanaka, Sa...",Part 7,Page 244,12.8,Sa
Sahasra,16,0.8,Name/epithet requiring verification,divine_epithet,na Sistri Anjarlekar (K.B. Davale Pub. Bombay) pp. 46-.S I give the following procedure for this: Sa...,Part 7,Page 172,12.8,Sa
Sala,15,0.8,Name/epithet requiring verification,divine_epithet,"folia), divine trees, Ficus infec:toria, Banyan trees, Kiril~uka and sandal trees, Vatica robusta, S...",Part 7,Page 247,12.0,Sa
Salmali,15,0.8,Name/epithet requiring verification,proper_noun,"5 Salakarman 548 Saligrarna 839, 1046, 1047 Saligrama worship 1043 Salihotras 465 Sallaka 966 Salmal...",Part 18,Page 479,12.0,Sa
Sana,15,0.8,Name/epithet requiring verification,divine_epithet,s of life- all those who have resorted to Pravrtta Dharma (should) worship that very Lord. 29-30. Sa...,Part 7,Page 244,12.0,Sa
Santa,15,0.8,Name/epithet requiring verification,divine_epithet,"and engaged in ritualistic duties. Angirasa, Arhbari~a and the next Yauvanasva (are the Pravaras). S...",Part 9,Page 242,12.0,Sa
Sarilbara,15,0.8,Name/epithet requiring verification,divine_epithet,ya is situated within a distance of only five Gavyii.tis to the east of Devakula in the middle of Sa...,Part 20,Page 328,12.0,Sa
Sarilsira,15,0.8,Name/epithet requiring verification,divine_epithet,t is that God Siva who bestows (the favour of) crossing the impassable ocean of worldly existence (S...,Part 9,Page 21,12.0,Sa
Sarni,15,0.8,Name/epithet requiring verification,divine_epithet,"nes and gods, they become pleased. If a man offers a ball of rice (even) of the size of a leaf of Sa...",Part 9,Page 38,12.0,Sa
Saka,19,0.6,Name/epithet requiring verification,proper_noun,he Saka Era began in I B.C. (beginning of Kali Age 3101- 3100 Kali). If the Purina means SAlivAhana ...,Part 2,Page 364,11.4,Sa
Sahadeva,14,0.8,Name/epithet requiring verification,divine_epithet,"i(jiirya, Lord Sridaityasiidana and the great sage Markai:i<jeya. 1. Maternal uncle of Nakula and Sa...",Part 19,Page 295,11.200000000000001,Sa
SAanda,14,0.8,Name/epithet requiring verification,divine_epithet,658 SAanda Puffitaa was accompanied by Virabhadra. The great goddess is the destroyer of Daqa 's Yaj...,Part 20,Page 297,11.200000000000001,Sa
Saila,14,0.8,Name/epithet requiring verification,divine_epithet,"the Lord of the Aru.J.ta mountain. He bowed down and spoke thus: 42. ""Be pleased, 0 Lord of Sooa-Sai...",Part 3,Page 15,11.200000000000001,Sa
Saumya,14,0.8,Name/epithet requiring verification,proper_noun,rom Kusumbha. 67. Lavinga (clove) is to be taken in as destructive of all sins. In the month of Saum...,Part 17,Page 274,11.200000000000001,Sa
Sayugva,14,0.8,Name/epithet requiring verification,divine_epithet,"bly bowed down to the sage, sat near him and asked him: 87--91. ""O holy lord, are you (the Sage) Say...",Part 8,Page 175,11.200000000000001,Sa
Sarhkalpa,14,0.8,Name/epithet requiring verification,divine_epithet,"Pra1J,ilyilma. Before the deity he should remain with palms joined in reverence and then state the S...",Part 9,Page 378,11.200000000000001,Sa
Santanu,14,0.8,Name/epithet requiring verification,divine_epithet,"of mine. Skanda said: 7. When asked thus by that pious-sou led Yudhi~thira, Bhi~ma, the son of Santa...",Part 7,Page 240,11.200000000000001,Sa
Sanctum,14,0.8,Name/epithet requiring verification,divine_epithet,s. Hereafter there shall be Utpalavartikas. In the centre of the ~etra is stationed my Garbhagrha (S...,Part 19,Page 74,11.200000000000001,Sa
Sambara,14,0.8,Name/epithet requiring verification,divine_epithet,"having done his duties and contented. 2-9. Formerly, 0 goddess, Suras were defeated in battle by Sam...",Part 13,Page 272,11.200000000000001,Sa
Sarabha,14,0.8,"Related to: Reed bed, birthplace of Kārttikeya",divine_epithet,". He saw on his way d~er, elephants, lions, a variety of ox called Gavaya, the eight-footed animal S...",Part 4,Page 48,11.200000000000001,Sa
Satyasandha,14,0.8,Name/epithet requiring verification,divine_epithet,battle along with his sons. 90. Then all those Brahmat:1as hailing form Gartitirtha ap- proached Sat...,Part 17,Page 118,11.200000000000001,Sa
Samadhi,13,0.8,Name/epithet requiring verification,divine_epithet,"ents and worshipped them, the Lord also did so by being immanent in all of them. 20. By means of Sam...",Part 17,Page 141,10.4,Sa
Sapi,13,0.8,Name/epithet requiring verification,divine_epithet,"east of Agastya Sthina at a distance only of two Gav,utis (Gavyuti = 3 Kms.). The holy spot named Sa...",Part 20,Page 291,10.4,Sa
Sailkha,13,0.8,Name/epithet requiring verification,proper_noun,"e conch. 0 dear one, by worshipping it he causes great delight unto me. During the worship of the Sa...",Part 6,Page 226,10.4,Sa
Sarikha,13,0.8,Name/epithet requiring verification,divine_epithet,"and plenty of refulgence. Accompanied by you, we shall go to the banks of Svamipu,karii;ii and see S...",Part 4,Page 222,10.4,Sa
Saubhigya,13,0.8,Name/epithet requiring verification,divine_epithet,"sung about by the name ""Datta"". 52. 0 Daughter of Himilaya, that fair lady obtained un- paralleled S...",Part 13,Page 230,10.4,Sa
Sankhya,13,0.8,Name/epithet requiring verification,divine_epithet,"pid, 0 Kesava. I, therefore, cherish you in my heart. Swikura said: 3. 0 Lord! The Three Vedas, Sank...",Part 7,Page 282,10.4,Sa
Sarvatirtha,13,0.8,Name/epithet requiring verification,proper_noun,"anu,1ko(i Sri Suta said: Skanda PuralJD t-3a. After taking the holy bath in the extremely sacred Sar...",Part 8,Page 197,10.4,Sa
Sabari,13,0.8,Name/epithet requiring verification,proper_noun,"Chaner issued by Rimacandra, 193 Rtukala, 47 rules regarding bath, 36 Sibari Mantra Vidyi, 192 Sabar...",Part 9,Page 417,10.4,Sa
Salera,13,0.8,Name/epithet requiring verification,divine_epithet,"ent Brlihmai:ia, J shall tell you. 54-59a. Every day, 0 Brahmar:ia. multitudes of Devas including Sa...",Part 5,Page 52,10.4,Sa
Sanctorum,13,0.8,Name/epithet requiring verification,divine_epithet,ter there shall be Utpalavartikas. In the centre of the ~etra is stationed my Garbhagrha (Sanctum Sa...,Part 19,Page 74,10.4,Sa
Sanas,13,0.8,Name/epithet requiring verification,divine_epithet,e goddess Yoganandini. She has come out from the body of the greatest Prakrti formerly. The four San...,Part 2,Page 452,10.4,Sa
Sarilvarta,12,0.8,Name/epithet requiring verification,divine_epithet,"arilvarta, 0 goddess. They remained there in the forms of deer. 5-19. Once they (the five sons of Sa...",Part 13,Page 102,9.600000000000001,Sa
Satananda,12,0.8,Name/epithet requiring verification,divine_relation,. It dispels grief. Those who serve the men who worship the soles of your feet are also blessed. Sat...,Part 8,Page 341,9.600000000000001,Sa
Saryiti,12,0.8,Name/epithet requiring verification,divine_epithet,"lture was formerly a Brihmar,a in Mithill, well- versed in the Vedas. He was well-known by the name ...",Part 6,Page 94,9.600000000000001,Sa
Saubhagya,12,0.8,Name/epithet requiring verification,divine_epithet,"llent coun- tenance, on the third lunar day in the bright half of the month of Magha, shall attain S...",Part 20,Page 20,9.600000000000001,Sa
Satyavrata,12,0.8,Name/epithet requiring verification,divine_epithet,rship the Linga. 104. There are Lingas with their names and symbols. Are all these fools and you Sat...,Part 2,Page 433,9.600000000000001,Sa
Sarhsira,12,0.8,Name/epithet requiring verification,divine_epithet,other proper means of con- trolling the mind like this in case of men desirous of liberation from Sa...,Part 7,Page 354,9.600000000000001,Sa
Salutation,12,0.8,Name/epithet requiring verification,divine_epithet,"BADARIICASRAMA-MAHATMYA CHAPTER ONB Sul""'riority of the Holy Place Badarikllrama over all Ttnhu1 Sal...",Part 6,Page 12,9.600000000000001,Sa
Sanatkumiira,12,0.8,Name/epithet requiring verification,divine_epithet,"divine and extending (in period) to seven Kalpas. 0 excellent sage, narrate to me all its names. San...",Part 12,Page 156,9.600000000000001,Sa
Santika,12,0.8,Name/epithet requiring verification,divine_epithet,"a, Sakuna, Sf1kta which has Vi~l)u for its deity, Paravata Sukta along withJivasukta and also the Sa...",Part 18,Page 86,9.600000000000001,Sa
SAantla,12,0.8,Name/epithet requiring verification,divine_epithet,"506 SAantla Pkni$a and ornaments, divine garments, divine unguents and endowed with divine knowledge...",Part 10,Page 510,9.600000000000001,Sa
Sarilsara,12,0.8,Name/epithet requiring verification,divine_epithet,"sten to the laudatory verses about others, become miserable and get sewn (bound) with the bonds of S...",Part 7,Page 285,9.600000000000001,Sa
Sankhatirtha,16,0.6,Name/epithet requiring verification,proper_noun,Gayii: Janasruti Attains Perfect Knowledge Sri Suta said: 1-5. After taking the holy ablution in San...,Part 8,Page 170,9.6,Sa
Sauca,15,0.6,Name/epithet requiring verification,proper_noun,"bhirgava 354 Satya 313,493 Satyiilga 308 Satyavrata 307, 422, 426 Saubhadra 3,4 Saubhigya 291 Sauca ...",Part 2,Page 598,9.0,Sa
Sastra,11,0.8,Name/epithet requiring verification,divine_epithet,f Pasupati (Lord Siva). Such a highly sinful activity as this is condemned in Sivasiisana. (Saiva Sa...,Part 16,Page 196,8.8,Sa
Satra,11,0.8,Name/epithet requiring verification,divine_epithet,Lord Siva continued to be alive. May that Lord Siva protect you all. 4. At the conclusion of the Sat...,Part 19,Page 13,8.8,Sa
Sarayu,11,0.8,"Related to: Reed bed, birthplace of Kārttikeya",divine_epithet,city. At that time Sun-god also came along with Gandharvas and Apsaras. Rama touched the waters of S...,Part 7,Page 197,8.8,Sa
Samsira,11,0.8,Name/epithet requiring verification,divine_epithet,"beisance to you, 0 lord, the destroyer of the fear of worldly existence of those who are afraid of S...",Part 8,Page 336,8.8,Sa
Sada,11,0.8,Name/epithet requiring verification,divine_epithet,"hose who are well conversant with holy rites) performed the same. The divine Seven Sagei, were the S...",Part 5,Page 114,8.8,Sa
Sailesa,11,0.8,Name/epithet requiring verification,sacred_place,"Orilkara, the great eight Lirigas beginning with Dak~esvara and the fourteen Lingas beginning with S...",Part 11,Page 398,8.8,Sa
Sakinis,11,0.8,Name/epithet requiring verification,divine_epithet,"c., as well as the Riktasas. The devotee shall cause the faces of the Bhutas, Pretas, Pisacas and Sa...",Part 20,Page 107,8.8,Sa
Sannihita,11,0.8,Name/epithet requiring verification,divine_relation,"hey will get th<"" fruit of Asvamedha due to their faith and worship. 8. If, after taking bath in San...",Part 19,Page 311,8.8,Sa
Sandhyl,11,0.8,Name/epithet requiring verification,proper_noun,perform Sandhyl prayers etc. at the root of a TulasJ plant. 18. A devotee who has concl11ded the San...,Part 6,Page 224,8.8,Sa
Saras,11,0.8,"Related to: Reed bed, birthplace of Kārttikeya",proper_noun,"the holy spot HanumatkuQ{ja. To the west of it, 0 BrahmaQa, is the splendid lake named Vibhi~a1_1a S...",Part 7,Page 219,8.8,Sa
Sarhjiia,10,0.8,Name/epithet requiring verification,divine_epithet,"Vyasa said: 81-83. In order to reduce the severity of the refulgence of her lord, 0 eminent king, Sa...",Part 9,Page 102,8.0,Sa
Sarhvarta,10,0.8,Name/epithet requiring verification,divine_epithet,"t as well as Asal, Agastya of great splendour, the powerful Markai:i<Jeya, Jamadagni, Bharadvaja, Sa...",Part 9,Page 12,8.0,Sa
Sasin,10,0.8,Name/epithet requiring verification,divine_epithet,"ce with only fallen leaves and water constituting his diet. Due to the great- ness of that Liriga, S...",Part 19,Page 328,8.0,Sa
Sarilbaditya,10,0.8,Name/epithet requiring verification,divine_epithet,Sun. CHAPTER THREE HUNDRED SEVEN Greatness of Aparanarayal}a isvara said: 1-4. To the east of Sarilb...,Part 20,Page 319,8.0,Sa
Saritbhu,10,0.8,Name/epithet requiring verification,proper_noun,en performed by me formerly? What has been given as religious gift by me? What special worship of Sa...,Part 9,Page 373,8.0,Sa
Samans,10,0.8,Name/epithet requiring verification,divine_epithet,"the personified form of ~s. Obei- ~ance to thee, 0 Lord, who have penetrated the splendour of the Sa...",Part 20,Page 315,8.0,Sa
Salya,10,0.8,Name/epithet requiring verification,proper_noun,"e conclusion in the sacred scriptures. 1. Mbh, Adi 189.23-29 mention only a wrestling duel between S...",Part 2,Page 559,8.0,Sa
Sabda,10,0.8,Name/epithet requiring verification,divine_epithet,m of very splendid perfect knowledge devoid of impurities. Obeisance to you having the appellation S...,Part 5,Page 116,8.0,Sa
Sabaras,10,0.8,Name/epithet requiring verification,divine_epithet,Sabara Dipaka. 2 29-30. It is on the western side of the Lord and is encircled by the abodes of Saba...,Part 5,Page 42,8.0,Sa
Saturdays,10,0.8,Name/epithet requiring verification,proper_noun,ould be per- formed at the root of Agvattha. . 48. The worship of Agvattha should be conducted on Sa...,Part 6,Page 74,8.0,Sa
Satisvara,10,0.8,Name/epithet requiring verification,proper_noun,that will be realized by him by adoring Satis-vara. There is no doubt about it. After worshipping Sa...,Part 11,Page 395,8.0,Sa
Satadru,10,0.8,Name/epithet requiring verification,divine_epithet,"Sarasvati, Reva, Yamuna. Tapati (Tapti in north Maharashtra), Candrabhaga (Chinab), Vipasa (Bias), S...",Part 7,Page 277,8.0,Sa
Samhita,10,0.8,Name/epithet requiring verification,divine_epithet,rahman. Hence he possesses contradictory quahties. Since the days of the Rudridbyiya in Taittiriya S...,Part 9,Page 34,8.0,Sa
Sanitana,10,0.8,Name/epithet requiring verification,divine_epithet,", four-faced Lord Brahma was present in his assembly. Savitri and Sarasvati graced the sides. Sage S...",Part 8,Page 43,8.0,Sa
Sanatana,10,0.8,Name/epithet requiring verification,divine_epithet,"rship that very Lord. 29-30. Sana, Sanatsujita, Sanaka, Sanandana, Sanatkumira, Kapila, Arur:ai, San...",Part 7,Page 244,8.0,Sa
Samsara,10,0.8,Name/epithet requiring verification,divine_epithet,"nly one capable of protecting from the great fear arising from Kala, Maya, Yama (god of Death) and S...",Part 7,Page 357,8.0,Sa
Sadyojata,8,1.0,Name/epithet requiring verification,proper_noun,"ever ex- perienced violence. 1. The Paftca-Brabrnaos are the five •races• (aapecta) or Siva, viz. Sa...",Part 3,Page 164,8.0,Sa
Sankalpa,9,0.8,Name/epithet requiring verification,proper_noun,proclaim the time (tithi etc.) and place (of worship). 2 After taking the solemn vow (the formal San...,Part 7,Page 344,7.2,Sa
Sandhyas,9,0.8,Name/epithet requiring verification,proper_noun,u. He used to take the holy bath early in the morning. With a delighted mind he bowed down to the Sa...,Part 8,Page 99,7.2,Sa
Sakha,9,0.8,Name/epithet requiring verification,divine_epithet,en armour and other equipments. He held a Sakti. He had divine ear-rings. He became well-known as Sa...,Part 2,Page 256,7.2,Sa
Sadhakas,9,0.8,Name/epithet requiring verification,divine_epithet,y them. The great goddess Sjddhambika who is present here is the bestower of Siddhi on the leading S...,Part 2,Page 305,7.2,Sa
Sahasrak,9,0.8,Name/epithet requiring verification,divine_epithet,rownish'). 176. Siddha Yoginis worship a Linga made of $rrkNJ(l(Ja ('sandalwood') and the name is Sa...,Part 2,Page 123,7.2,Sa
Sahasrarjuna,9,0.8,Name/epithet requiring verification,proper_noun,"Sacchiidras 1035, 1038 Sacred ash 17 4 Sadasiva 811 Sadhyas I 080 Sahadeva 294 Sahasrakµ 434 Sahasra...",Part 18,Page 479,7.2,Sa
Sarmi,9,0.8,Name/epithet requiring verification,sacred_place,ndaPlutpa in the city of Vidarbha was Sulqti by name. At the instance of a Brlhmar)a named Candra Sa...,Part 6,Page 93,7.2,Sa
Sadhyamrta,9,0.8,Name/epithet requiring verification,divine_epithet,arivati. 91-96. Again he continued to sport with her in the divine abode like a Deva. That Tirtha Sa...,Part 8,Page 192,7.2,Sa
Sandipani,12,0.6,Name/epithet requiring verification,proper_noun,st interest? I wish that the preceptor arrives soon. I wish to stay here itself.' In the meantime Sa...,Part 12,Page 253,7.199999999999999,Sa
Sarpa,11,0.6,Name/epithet requiring verification,proper_noun,"Sarayii 394 Sarkara 1018 Sirkava 871 Sannitiha 249, 251, 636 Sarmitf.hi Tirtha 239, 251, 258 Sarpa 1...",Part 18,Page 480,6.6,Sa
Satis,8,0.8,Name/epithet requiring verification,divine_relation,"a young man, an excellent wife. Whatever whoever desires, that will be realized by him by adoring Sa...",Part 11,Page 395,6.4,Sa
Sariljiii,8,0.8,Name/epithet requiring verification,divine_epithet,n shadow with the same colour by means of her magical power. Then the shadow (Chiyi) bowed down to S...,Part 10,Page 171,6.4,Sa
Sarhjiii,8,0.8,Name/epithet requiring verification,divine_epithet,"55-51. Then, 0 king, the Devas including Brahma came there. Boons, more than ever contemplated by Sa...",Part 9,Page 100,6.4,Sa
Samana,8,0.8,Name/epithet requiring verification,divine_epithet,"ther) specific purpose? Narada said: Q9-103. 0 excellent king, I am coming from the presence of Sama...",Part 9,Page 18,6.4,Sa
Sakuni,8,0.8,Name/epithet requiring verification,proper_noun,"6 Sakresvara 83 Sakreya 443, 763 Sakr, 707 Sakti 290, 291, 292, 293, 700, 701, 705 Sakuna 161 Sakuni...",Part 18,Page 479,6.4,Sa
Sayugvi,8,0.8,Name/epithet requiring verification,divine_epithet,"IIl.i.26.92-109 165 92-95. ..0 holy lord Raikva. 0 Sayugvi, let what is offered by me be accepted. A...",Part 8,Page 176,6.4,Sa
Sailesvara,8,0.8,Name/epithet requiring verification,divine_epithet,ection of Devayani. He obtains the desired glory. 37. The deity Sailesvari who is stationed near Sai...,Part 11,Page 216,6.4,Sa
Saubhigyesvara,8,0.8,Name/epithet requiring verification,divine_epithet,"ma, Rohir;ii the beloved of Moon and Saci the beloved of Sakra. Thus, the sin-destroying power of Sa...",Part 13,Page 230,6.4,Sa
SAtmtla,8,0.8,Name/epithet requiring verification,proper_noun,"560 SAtmtla Puni~ Gauta,.; said: 56. What is that sacred rite as a result of which a man can avoid b...",Part 20,Page 199,6.4,Sa
Sandhyis,8,0.8,Name/epithet requiring verification,divine_epithet,ine Prajipatis. The pair of eyes was formed out of the brilliance of the Fire-god. 41-43. The two Sa...,Part 8,Page 58,6.4,Sa
Santana,8,0.8,Name/epithet requiring verification,divine_epithet,"it is the Sakti of the Lord of Devas. It has the form of the universe. 0 Parvati, it deludes the San...",Part 19,Page 124,6.4,Sa
Sankranti,8,0.8,Name/epithet requiring verification,proper_noun,with devotion. If a devotee takes his holy bath in the waters of Narmada and worships Ravi during Sa...,Part 15,Page 55,6.4,Sa
Sabha,10,0.6,Name/epithet requiring verification,sacred_place,"built round the city of Prigjyoti'8 his nooses. KnQa destroyed that network and killed Mura (Mbh, Sa...",Part 2,Page 521,6.0,Sa
Sannihati,7,0.8,Name/epithet requiring verification,divine_epithet,"427 Sankhamadhava Tircha 63, 104 Sailk.ukarna 249, 433 Sankukamesa 433 Sarikukamesvara 21, 420 Sanni...",Part 11,Page 479,5.6000000000000005,Sa
Sauti,7,0.8,Name/epithet requiring verification,divine_epithet,"ort physically, verbally. mentally with devotion to the Lord who is affectionate to his devotees. Sa...",Part 7,Page 359,5.6000000000000005,Sa
Savar,7,0.8,Name/epithet requiring verification,divine_epithet,"God, he should be propitiated with love and devotion, to the best of one's capacity, by all men. Sav...",Part 7,Page 238,5.6000000000000005,Sa
Saivas,7,0.8,Name/epithet requiring verification,divine_epithet,"ers of the Sun). GA,:tesas (followel'll of Vighne~vara), Saktas (followers of Sakti or God- dess), S...",Part 6,Page 72,5.6000000000000005,Sa
Sankukan,7,0.8,Name/epithet requiring verification,proper_noun,"e~vara Linga. 8D. As ~1. result _ot its worship. one is never isolated from a heap of j<""""Wt'ls. San...",Part 11,Page 429,5.6000000000000005,Sa
Satasrnga,7,0.8,Name/epithet requiring verification,divine_epithet,"which formed a moat round the Lord's residence, through the will of the Lord, he arrived at Mount Sa...",Part 7,Page 290,5.6000000000000005,Sa
Sarma,7,0.8,Name/epithet requiring verification,divine_epithet,"our boon, 0 eminent Brihma1_1a. I cannot be seen by anyone who has not performed penance. Vi~'-'"" Sa...",Part 7,Page 158,5.6000000000000005,Sa
Sarada,7,0.8,"Related to: Reed bed, birthplace of Kārttikeya",divine_epithet,"ose excellent son is this':• How was this boy as beautiful as the moon conceived in your womb?"" "" Sa...",Part 9,Page 387,5.6000000000000005,Sa
Sayana,7,0.8,Name/epithet requiring verification,divine_epithet,well-known and is destructive of all sins. One who observes fast and worships there at the time of S...,Part 16,Page 187,5.6000000000000005,Sa
Sanda,7,0.8,Name/epithet requiring verification,divine_epithet,"s, shall become a man liberated while living. CHAPTER SIX The Froit of Offering Tu/asl Twigs and San...",Part 6,Page 230,5.6000000000000005,Sa
Sahasrinika,7,0.8,Name/epithet requiring verification,divine_epithet,"m the curse'. So said Lord Brahmi in Satyaloka."" 96b-103. On hearing these words of lndra .. King Sa...",Part 8,Page 49,5.6000000000000005,Sa
Samiidhi,9,0.6,Name/epithet requiring verification,proper_noun,tual preceptors who themselves have been Siddhas ('Masters of Yoga'). It consists of perfection of S...,Part 7,Page 354,5.3999999999999995,Sa
Savana,9,0.6,Name/epithet requiring verification,proper_noun,g their heads in appro- bation. 24-27. After getting some rites performed at the end of the third Sa...,Part 8,Page 222,5.3999999999999995,Sa
Salhbhu,9,0.6,Name/epithet requiring verification,proper_noun,"him whose form is the manifestation of Reality. Angada said: 28. Obeisance to that Rimanitha, to Sal...",Part 8,Page 336,5.3999999999999995,Sa
Satinika,9,0.6,Name/epithet requiring verification,divine_relation,"ed, their sons including Yaugandhariyai,a began to be engaged in different services to the son of Sa...",Part 8,Page 49,5.3999999999999995,Sa
Sanka,6,0.8,Name/epithet requiring verification,sacred_place,Visvesvara West of Sanka~ Devi Temple At Kedara Ghif East of Visvanitha at Dharma Kupa South of Sank...,Part 11,Page 242,4.800000000000001,Sa
Sankhesvara,6,0.8,Name/epithet requiring verification,divine_epithet,"cellent sage. Narada said: 49. 0 king, I shall tell you this age-old legend as to how the deity Sank...",Part 18,Page 126,4.800000000000001,Sa
Sankhoddhara,6,0.8,Name/epithet requiring verification,proper_noun,"ppreciation of that offer of the ball of • rice. • 0 Jahnavi, a man should take his holy bath in San...",Part 15,Page 176,4.800000000000001,Sa
Sanku,6,0.8,Name/epithet requiring verification,divine_epithet,"Lord, he had cursed her angrily but I was satisfied and granted the boon now. The movement of the Sa...",Part 18,Page 16,4.800000000000001,Sa
Sannyisa,6,0.8,Name/epithet requiring verification,divine_epithet,V.iii.151.1-7 He who conquers his anger and the sense-organs and de- voutly takes to Sannyisa (renun...,Part 15,Page 105,4.800000000000001,Sa
SarasvatT,6,0.8,"Related to: Reed bed, birthplace of Kārttikeya",divine_epithet,"urlna • came conversant with the import or contents of the Purai:ia coJJection, by the favour of Sar...",Part 6,Page 43,4.800000000000001,Sa
Salutations,6,0.8,Name/epithet requiring verification,divine_epithet,"ded one; I salute that lord with matted hair. 65. Repeated obeisance to you, the cause of causes. Sa...",Part 1,Page 277,4.800000000000001,Sa
Sambhrama,6,0.8,Name/epithet requiring verification,divine_epithet,"n the status of the bestower of food? I wish to hear this. 0 Lord, do me this favour. 4. How did Sam...",Part 10,Page 340,4.800000000000001,Sa
Sakala,6,0.8,Name/epithet requiring verification,divine_epithet,"s virtue and piety (Dharma). Indeed he is the Lord of virtue, piety etc. 12-13a. He is indeed the Sa...",Part 18,Page 336,4.800000000000001,Sa
Sali,6,0.8,Name/epithet requiring verification,divine_epithet,S BooNs To K1NG SANKHA AND THEN VANISHES 60. After saying this to that sage. the Lord glanced at Sal...,Part 4,Page 229,4.800000000000001,Sa
Sariljiia,6,0.8,Name/epithet requiring verification,divine_epithet,"enance there. In the meantime, her Chaya, the divine lady, wished to abide by her own pro1nise to Sa...",Part 19,Page 84,4.800000000000001,Sa
Sarhhita,6,0.8,Name/epithet requiring verification,divine_epithet,19. Thereafter the devotee should worship the Bull-vehicled Lord with Aghora Mantra ( MaitrayaJ)I Sa...,Part 5,Page 178,4.800000000000001,Sa
Satyani,6,0.8,Name/epithet requiring verification,divine_epithet,"eople, in that spot devoid of (divine) tales and good men, in the place which he had resorted to, Sa...",Part 7,Page 79,4.800000000000001,Sa
Sarupya,6,0.8,Name/epithet requiring verification,proper_noun,"le here or hereafter. One who glorifies or worships the great Liilga Rime,vara, certainly obtains Sa...",Part 8,Page 291,4.800000000000001,Sa
Satyavin,8,0.6,Name/epithet requiring verification,proper_noun,aura 542 Satabhadri 22 Sati 494 Satrijit 587 Satyabhimcivara 4!12 Sityaki 584 Satyinrta 5!15 Satyavi...,Part 20,Page 413,4.8,Sa
Sarhbara,8,0.6,Name/epithet requiring verification,divine_relation,"e son of Maha-Vi~r,u Kr~Qa and Rukmil)i. Due to the curse of Brahma you will stay in the abode of Sa...",Part 7,Page 46,4.8,Sa
Saruvati,8,0.6,Name/epithet requiring verification,proper_noun,"Oayitinha. 17, 159. 160, 161. 166 Olyatri. 34 7 Olyatri and Sarasvati, 262. 263. 272 Olyatrt and Sar...",Part 8,Page 380,4.8,Sa
Saltish,7,0.6,Name/epithet requiring verification,sacred_place,"us, Lumi- naries, Seasons, Rivers in embodied forms such as Mahi and others, Oceans beginning with S...",Part 2,Page 263,4.2,Sa
Sadhya,7,0.6,Name/epithet requiring verification,proper_noun,"We have bowed down to you who are self-luminous, of great reful- gence, the very light incarnate. Sa...",Part 7,Page 284,4.2,Sa
Sabala,7,0.6,Name/epithet requiring verification,divine_relation,"ld, with the wet clothes on, offer lamp to the sons of Mrtyu: ''The two canine brothers Sylma and Sa...",Part 6,Page 107,4.2,Sa
Sakresvara,5,0.8,Name/epithet requiring verification,proper_noun,Hence all the devotee should assiduously take their holy bath in the auspicious Tirtha and worship S...,Part 16,Page 94,4.0,Sa
Sakalyesvara,5,0.8,Name/epithet requiring verification,divine_epithet,"formerly by the name Bhairavesvara on the earth. After the advent of this Yuga, it has been named Sa...",Part 19,Page 290,4.0,Sa
Sailgilesvara,5,0.8,Name/epithet requiring verification,divine_epithet,penance in the vicinity of Sailgilesvara. 13-17. All these sages duly worshipped the deity named Sai...,Part 20,Page 312,4.0,Sa
Sarilyamini,5,0.8,Name/epithet requiring verification,divine_epithet,"d hammers in their hands, the formi- dable soldiers ofYama bound him and went about to take him to S...",Part 10,Page 137,4.0,Sa
Sarigamesvara,5,0.8,Name/epithet requiring verification,divine_epithet,"us, 0 goddess, the sin-destroying power of Pisicesvara Deva is recounted to you. Listen to that of S...",Part 13,Page 257,4.0,Sa
Sarhvaura,5,0.8,Name/epithet requiring verification,divine_epithet,"by the noblc-soult•d Sarhvaura deity. Those who take bath and visit the excellent Lord of Dcvas, Sar...",Part 15,Page 139,4.0,Sa
Salcti,5,0.8,Name/epithet requiring verification,divine_epithet,"ver the excellent territory named Dravi~a at the foot of the Sahya mountain, she crossed the river S...",Part 3,Page 160,4.0,Sa
Sami,5,0.8,Name/epithet requiring verification,divine_epithet,I was able to escape with great difficulty. 84. On hearing it Pavaka (Fire-god) stationed within Sam...,Part 16,Page 369,4.0,Sa
Sangilesvara,5,0.8,Name/epithet requiring verification,divine_epithet,"lemed One, how did Gangi, Yamuni, divine Sarasvati and many other Tirthas come to the vicinity of Sa...",Part 20,Page 305,4.0,Sa
Sarhbaditya,5,0.8,Name/epithet requiring verification,divine_epithet,l. Suta said: CHAPTER FIITYSIX Greatness of Samba.di tya 1·2. By seeing the Lord of Suras named Sarh...,Part 16,Page 247,4.0,Sa
Sarasa,5,0.8,"Related to: Reed bed, birthplace of Kārttikeya",divine_epithet,akes abounding in different kinds of lotuses in full bloom added to its beauty. Warbling swans and S...,Part 19,Page 335,4.0,Sa
Sannihiti,5,0.8,Name/epithet requiring verification,divine_epithet,"inctly describe its origin. Listen. Due to the fear of Jarasandha, 0 goddess, Visr:iu (Knr:ia) 1. Sa...",Part 19,Page 309,4.0,Sa
Sapii,5,0.8,Name/epithet requiring verification,divine_epithet,"as 465 Saura 1203 Sivana 1203 Sivitra Mantra 541 Sintanu 239, 356, 359 Santika rites 451, 436 Sapii:...",Part 18,Page 480,4.0,Sa
Satyasena,5,0.8,Name/epithet requiring verification,divine_epithet,"me. 0 holy sage, my son is a king on the earth. He is the overlord of Anarta and is well known as Sa...",Part 17,Page 180,4.0,Sa
Sailadi,5,0.8,Name/epithet requiring verification,proper_noun,worship of Ksemaka for 36 Sagaratirtha 322 Sagaresvara 417 S.ihasra~ Lmga 197 Sahasrasya 228 Sailadi...,Part 11,Page 479,4.0,Sa
Sailgama,5,0.8,Name/epithet requiring verification,divine_epithet,hma in order to pay obeisance to the god. I. This chapter explains why the holy place Mahi-Sigara-Sa...,Part 2,Page 513,4.0,Sa
Sadacara,5,0.8,Name/epithet requiring verification,proper_noun,rised in them (YV 16-79). (3) Procedure of the worship of Siva (VV 81-1 I 9). (4) Code of Conduct-Sa...,Part 2,Page 367,4.0,Sa
Sacipati,5,0.8,Name/epithet requiring verification,divine_epithet,"), Manu, Yama, Devaraja (Lord of Devas), Surapati (master of Suras), Danavari (enemy of Danavas), Sa...",Part 12,Page 262,4.0,Sa
Sarvesvara,5,0.8,Name/epithet requiring verification,divine_epithet,"u arc the penance itself; you arc the greatest abode, 0 Lord having Fire, Sun and Moon as eyes. 0 Sa...",Part 13,Page 294,4.0,Sa
Sata,5,0.8,Name/epithet requiring verification,proper_noun,"t the water from the clothes, he should apply Ti/aka (sacred sectarian mark on the forehead) etc. Sa...",Part 6,Page 76,4.0,Sa
Satanandesvara,5,0.8,Name/epithet requiring verification,proper_noun,"t to the earth. 91. Kama and others overwhelmed the worshippers of Gautamesvara, Ahalyesvara and Sat...",Part 18,Page 122,4.0,Sa
Satapatra,5,0.8,Name/epithet requiring verification,proper_noun,"will worship me with three hundred big lotus flowers of different varieties such as red, Ka/hara, Sa...",Part 2,Page 411,4.0,Sa
Sattvagu,5,0.8,Name/epithet requiring verification,divine_epithet,"Lord created Vi$J;tU from his left side. 11-12. He endowed Brahma with Rajogu,:,a and Vi$QU with Sat...",Part 3,Page 130,4.0,Sa
Samvatsara,5,0.8,Name/epithet requiring verification,divine_epithet,"d lady, I am Parjanya (cloud). 0 great goddess, you are Vr1fi (downpour of rain). 0 goddess, I am Sa...",Part 19,Page 32,4.0,Sa
Sandh,5,0.8,Name/epithet requiring verification,proper_noun,"ing morning ablution in sacred water or Tirthas particularly a householder should perform Pratal),Sa...",Part 10,Page 388,4.0,Sa
Sandhi,5,0.8,Name/epithet requiring verification,divine_epithet,s according to the divine reckoning becomes diminished and when it becomes extinct along with the Sa...,Part 19,Page 129,4.0,Sa
Sankrti,6,0.6,Name/epithet requiring verification,proper_noun,ent on the earth·) in the land of Anarta (Northern Gujarat). My name was Maitra. I belonged to the S...,Part 7,Page 36,3.5999999999999996,Sa
Sannyasa,6,0.6,Name/epithet requiring verification,proper_noun,"m his heart, householdership from his loins (genital organ?). forest-hermitship from his chest and S...",Part 7,Page 324,3.5999999999999996,Sa
Sapil,6,0.6,Name/epithet requiring verification,divine_relation,"e or poison, those for whom the sixteen Ekodditia Sriddha rites were not performed due to want of Sa...",Part 20,Page 193,3.5999999999999996,Sa
Sarabhas,6,0.6,"Related to: Reed bed, birthplace of Kārttikeya",proper_noun,"m.m.16.16-28 357 16. Some had the faces of Sarabhas (fabulous animals of this name) and some, the fa...",Part 9,Page 366,3.5999999999999996,Sa
Sarayil,6,0.6,"Related to: Reed bed, birthplace of Kārttikeya",sacred_place,"taking a single meal per day, all the sins I. VV 19-29 describe lhe grealness of the confluence of S...",Part 7,Page 183,3.5999999999999996,Sa
Sarilkalpa,6,0.6,Name/epithet requiring verification,proper_noun,lll.i.20.42-5 I 131 with the requisite Sarilkalpa rite in Jatatirtha sage Suka obtained purity of mi...,Part 8,Page 142,3.5999999999999996,Sa
Sarilvartaka,6,0.6,Name/epithet requiring verification,proper_noun,earth to the world of Sages (~~iloka). 36. Then terrific clouds for destroying tt.e worJd (called Sa...,Part 7,Page 329,3.5999999999999996,Sa
Sava,6,0.6,Name/epithet requiring verification,proper_noun,"372 Naam1aa. I, 123. 350, 356, 360 Nala. 12, 16. 52, 53. 239 Nalatinha, 277 names of Sava, V11nu, et...",Part 8,Page 383,3.5999999999999996,Sa
Sadi,4,0.8,Name/epithet requiring verification,divine_epithet,sun- Comm.). It is stationed in the cerebral aperture. It should be meditated upon along with Lord S...,Part 10,Page 468,3.2,Sa
Sadasya,4,0.8,Name/epithet requiring verification,divine_epithet,"hma accepted the Brahmatva (the post of the presiding priest). 75. Lord Hari, Narayai:ia was his Sad...",Part 19,Page 134,3.2,Sa
Saba,4,0.8,Name/epithet requiring verification,divine_epithet,"kaJ)a, the great sage named Loka, Jaigi- $avya, Lord Dadhivahana, Sage ~$abha, Dharma, Ugra, Atri, S...",Part 2,Page 360,3.2,Sa
Satarudrlya,4,0.8,Name/epithet requiring verification,divine_epithet,itiated. He is considered to be the bestower of all the three worlds. 198. If a person reads this Sa...,Part 2,Page 126,3.2,Sa
Satum,4,0.8,Name/epithet requiring verification,divine_epithet,"IV.i.17.1-11 CHAPTER SEVENTEEN TA, Worlds of Man, Jupitn' anti Satum Sivaiannan said: 161 1-S. 0 div...",Part 10,Page 165,3.2,Sa
Satrijit,4,0.8,Name/epithet requiring verification,divine_epithet,"to grant a boon, then do be always present in this holy hermitage.• 7. The Sun-god said to King Satr...",Part 20,Page 226,3.2,Sa
Satinanda,4,0.8,Name/epithet requiring verification,proper_noun,"Sarilbhu and worshipped it thrice a day and engaged himself in the penance. 53. 0 saintly king, Sati...",Part 18,Page 119,3.2,Sa
Saudasa,4,0.8,Name/epithet requiring verification,divine_epithet,hrf1Q.agarta I is also there itself. It is very large in size and it destroys all sins. I 0. King Sa...,Part 16,Page 235,3.2,Sa
Saurashtra,4,0.8,Name/epithet requiring verification,sacred_place,"eover, it may be due to the influence of Maga Brahmins that the Sun worship became very popular in S...",Part 2,Page 408,3.2,Sa
Savan,4,0.8,Name/epithet requiring verification,divine_epithet,of knowing this immediately. Sauti said: 28. Lord Guba who was thus accosted by the great sage (Sava...,Part 7,Page 239,3.2,Sa
Savarr,4,0.8,Name/epithet requiring verification,divine_epithet,"oved, he was per- fectly propitiated by Manu named SavanJi. 8. The name of that Lord in Treta was Sa...",Part 19,Page 289,3.2,Sa
Saviq,4,0.8,Name/epithet requiring verification,divine_epithet,"ve Adityas are: Dhat~i. Mitra, Aryama, Sakra, Varm:ia, Samba, Bhaga, V1vawan, Pu~an, the tenth one S...",Part 18,Page 455,3.2,Sa
Savya,4,0.8,Name/epithet requiring verification,proper_noun,"as be pleased."" Water is to be offered for the sake of Svasti (welfare) with the sacred thread in Sa...",Part 18,Page 207,3.2,Sa
Sataghni,4,0.8,Name/epithet requiring verification,divine_epithet,Dinava fainted and fell. Then he suddenly got up and took up the Sakti in his hand. He hurled the Sa...,Part 9,Page 126,3.2,Sa
Saptasigara,4,0.8,Name/epithet requiring verification,divine_epithet,"ikukamesvara 21, 420 Sannihati 191 Sintanava 260 Sintapanakrcchra 402 Saptagodavari Tinha 199 Saptas...",Part 11,Page 479,3.2,Sa
Sarhjfia,4,0.8,Name/epithet requiring verification,divine_epithet,51. After reflecting thus the shining god (Sun) hastened to the holy forest of Dharmarar:iya where S...,Part 9,Page 100,3.2,Sa
Sarikara,4,0.8,Name/epithet requiring verification,proper_noun,all hear the welfare of all Jiving beings; he sees the well- being of all with his own eyes. 106. Sa...,Part 11,Page 207,3.2,Sa
Sariljfii,4,0.8,Name/epithet requiring verification,divine_epithet,n by them to Sariljfii. They installed the Sun-god as the lord of the forest groove named Bakula. Sa...,Part 9,Page 100,3.2,Sa
Sarilskrta,4,0.8,Name/epithet requiring verification,proper_noun,ot have a tuft of hair on the head nor should he wear the sacred thread. He should not even utter Sa...,Part 19,Page 185,3.2,Sa
Sarnbhu,4,0.8,Name/epithet requiring verification,divine_epithet,by the noble-souled Kumara? It behoves you to describe everything. 2-3. Kumara indeed is another Sar...,Part 1,Page 262,3.2,Sa
Sarvajiia,4,0.8,Name/epithet requiring verification,divine_epithet,"f the GaQas, isana spoke to the Daughter of the Lord of Mountains. 133-134. Though the omniscient Sa...",Part 11,Page 174,3.2,Sa
Sarvatobhadra,4,0.8,Name/epithet requiring verification,divine_epithet,"Sands, Lord Madhava vaniahed beneath the 101 Saitkha-~tra 1, 88 Siradi 150, 149 SarvamanpJa t8 Sarva...",Part 5,Page 276,3.2,Sa
Samits,4,0.8,Name/epithet requiring verification,proper_noun,perform the rites in the sacred fire. For the·sake of general welfare he should perform Homas with S...,Part 5,Page 243,3.2,Sa
Samlcalpa,4,0.8,Name/epithet requiring verification,divine_epithet,a. He abandoned the terrible form of Vetila and attained divine state. The devotee should perform Sa...,Part 8,Page 76,3.2,Sa
Sanaiscaresvara,4,0.8,Name/epithet requiring verification,divine_epithet,"3. From that Sukresvara shrine, 0 Goddess, a pilgrim should go to the highly lustrous Linga named Sa...",Part 19,Page 258,3.2,Sa
Sankaraditya,4,0.8,Name/epithet requiring verification,divine_epithet,VII.1.252.1-3-25!.1 599 the excellent shrine of Sankaraditya situated to the east of Gangesvara. It ...,Part 20,Page 238,3.2,Sa
Sann,4,0.8,Name/epithet requiring verification,proper_noun,"supatas (and not in regard to others). 20. The usual talk about DfJ7.Ul,a (sacred staff) is among Sa...",Part 10,Page 225,3.2,Sa
Sannyasin,4,0.8,Name/epithet requiring verification,proper_noun,yellow garment he is armed with a staff. He has a tuft of hair and a sacred thread. He i:; a great S...,Part 18,Page 257,3.2,Sa
Sannyasins,4,0.8,Name/epithet requiring verification,proper_noun,"as (devotees of Siva, Pasupati), by Sannyasins known as Tridai:iqins, EkadaQ<;lins and such other Sa...",Part 19,Page 42,3.2,Sa
Sannyisins,4,0.8,Name/epithet requiring verification,divine_epithet,itra 156 Food suitable for ghosts 57 Forbearance 1013 Forty-nine children 80 Four categories of Sann...,Part 18,Page 468,3.2,Sa
Sadicira,4,0.8,Name/epithet requiring verification,proper_noun,"ing bath, 36 Sibari Mantra Vidyi, 192 Sabari, 158 sacred observances, 33 sacrificial rites, 33 Sadic...",Part 9,Page 417,3.2,Sa
Saha,4,0.8,Name/epithet requiring verification,divine_epithet,alone are the Lord. Welfare unto you. You are the king of the three worlds as well as my king. 0 Sah...,Part 2,Page 257,3.2,Sa
Sahasrajit,4,0.8,Name/epithet requiring verification,divine_epithet,"crifices 230 Sadicira 576 Sagara, sons of 246 sages 104 sages like VasifJha, meditating on !80 Sahas...",Part 10,Page 545,3.2,Sa
Sahasrirjuna,4,0.8,Name/epithet requiring verification,proper_noun,"Vidyi, 192 Sabari, 158 sacred observances, 33 sacrificial rites, 33 Sadicira, 32 SadHiva, 80 Sahasri...",Part 9,Page 417,3.2,Sa
Saindhava,4,0.8,Name/epithet requiring verification,divine_epithet,"Sagara, sons of 246 sages 104 sages like VasifJha, meditating on !80 Sahasrajit 79 Sahya 7, 11 Saind...",Part 10,Page 545,3.2,Sa
Sakadvipa,4,0.8,Name/epithet requiring verification,divine_epithet,"th devotion, he i~ liberated from all sins. 5-6. 0 great goddess, Ravi was fixed on the lathe in Sak...",Part 19,Page 95,3.2,Sa
Sakata,4,0.8,Name/epithet requiring verification,proper_noun,"i, 158 sacred observances, 33 sacrificial rites, 33 Sadicira, 32 SadHiva, 80 Sahasrirjuna, 96 Sakata...",Part 9,Page 417,3.2,Sa
Saligama,4,0.8,Name/epithet requiring verification,divine_epithet,"ri Marlca1J,l/,eya said: 1-9. Thereafter, 0 Lord of the earth, one should go to the • Bhadrakili Sal...",Part 15,Page 240,3.2,Sa
Satvatas,4,0.8,Name/epithet requiring verification,divine_epithet,"282 Skanda Purii~,a illuminated. They irradiate the whole world by their imperishable light. 5. Satv...",Part 7,Page 293,3.2,Sa
Saubhadra,4,0.8,Name/epithet requiring verification,divine_epithet,"1:u;li, Satyaki, Saibya, Bhima, Bhimaparakrama ( of terrible exploits), 187. Paiicala, Abhimanyu, Sa...",Part 12,Page 274,3.2,Sa
Saubhagyesvara,4,0.8,Name/epithet requiring verification,divine_epithet,ou. Listen to that of Saubhagyesvara. CHAPTER SIXTYONE Sau.bhagyesvara1 isvara said: 1-7a. Know Saub...,Part 13,Page 226,3.2,Sa
SAandaPu,5,0.6,Name/epithet requiring verification,proper_noun,"52 SAandaPu -~ can we go to the heavenly world under the situation? 0 Grand- father, without heaven,...",Part 13,Page 43,3.0,Sa
Sadasyas,5,0.6,Name/epithet requiring verification,proper_noun,"a as 0ak~iQa. 127. Crores of gold pieces, jewels and plenty of cash pre- sents were given to the Sad...",Part 19,Page 158,3.0,Sa
Sailkhatirtha,5,0.6,Name/epithet requiring verification,divine_relation,"sage attained union with Brahman (i.e. Salvation). 57-59. Thus, 0 Brahmai:ias, the greatness of Sail...",Part 8,Page 169,3.0,Sa
Sahasradhiri,5,0.6,Name/epithet requiring verification,proper_noun,"ukmi1,1i, 193 Rukm1-,i Kua;acla. 192 Rukmir,i 1inha. 211 Sigara Kun4a, 197 Sahasra-Candra, 161 Sahas...",Part 7,Page 368,3.0,Sa
Satyaki,5,0.6,Name/epithet requiring verification,divine_relation,to get the son of Sini released and so rushed in between. ' 83. He was pitted against Bhojas and Sat...,Part 20,Page 223,3.0,Sa
Sarhyamini,5,0.6,Name/epithet requiring verification,sacred_place,"Sarhjfii, the daughter of Visvakarman, 88 Sarhjfii in the guise of a mare, 89, 91 Sarhpiti, 158 Sarh...",Part 9,Page 417,3.0,Sa
Sarhvartaka,5,0.6,Name/epithet requiring verification,proper_noun,"296 Sattis. 314 Silagrima, 324 Samidhi, 342 Samivartana, 299 Sarhnyua, 307 Sarhvartaka, 319 Sarhvart...",Part 7,Page 375,3.0,Sa
Satyabhama,5,0.6,Name/epithet requiring verification,proper_noun,"invited through a messenger of Dharmaputra, Kr~t:1a hurriedly came to lndraprastha accompanied by Sa...",Part 8,Page 145,3.0,Sa
Sarman,5,0.6,Name/epithet requiring verification,proper_noun,"icious intention vanished, he went to the sage who was expounding the narrative. Addressing Candra S...",Part 6,Page 93,3.0,Sa
Santapana,5,0.6,Name/epithet requiring verification,proper_noun,"nto them with due observance of regulations, single-night rites, three- night rites of Krcchra and S...",Part 19,Page 300,3.0,Sa
Sarhkhya,5,0.6,Name/epithet requiring verification,proper_noun,.a said: Skanda Purti{ia I. Now I shall relate to you the nature of knowledge as deter- mined by Sar...,Part 7,Page 321,3.0,Sa
Sangava,5,0.6,Name/epithet requiring verification,proper_noun,ey spread over the mid- day for the rites of offering lamps etc. If these three Tithis fall before S...,Part 6,Page 109,3.0,Sa
Sauva,3,0.8,Name/epithet requiring verification,divine_epithet,"nal goddess devoid of sorrow, 0 goddess with long eyes like the petals of lotus, 0 goddess of pure S...",Part 19,Page 303,2.4000000000000004,Sa
Sasi,3,0.8,Name/epithet requiring verification,divine_epithet,d great sages. • 47. He was fanned directly by Pavana (Wind-god); the umbrella was held aloft by Sas...,Part 1,Page 228,2.4000000000000004,Sa
Sastric,3,0.8,Name/epithet requiring verification,divine_epithet,") who, even in adverse circumstances, worshipped him at the proper time and in accordance with the S...",Part 7,Page 256,2.4000000000000004,Sa
Satadhrti,3,0.8,Name/epithet requiring verification,divine_epithet,"hall narrate the story, listen, how Satisvara Linga manifestated itself in Kasi. 0 sage, formerly Sa...",Part 11,Page 393,2.4000000000000004,Sa
Satamanyu,3,0.8,Name/epithet requiring verification,divine_epithet,s called Sahasriqa ('Thousand-eyed'); he alone is Divaspati ('Lord of Heaven'); this lord alone is S...,Part 10,Page 95,2.4000000000000004,Sa
Satapatri,3,0.8,Name/epithet requiring verification,proper_noun,"of happiness on all. May the Arghya be received."" In the third Prahara, the devotee worships with Sa...",Part 17,Page 330,2.4000000000000004,Sa
Satariipi,3,0.8,Name/epithet requiring verification,divine_epithet,va (son of the Self-born Lord). He was the first Prajipati ('Patriarch'). There was a woman named Sa...,Part 2,Page 311,2.4000000000000004,Sa
Satyavikrama,3,0.8,Name/epithet requiring verification,divine_epithet,"gets all his objectives achieved. Formerly, in the first Kalpa, 0 goddess, there was a king named Sa...",Part 13,Page 203,2.4000000000000004,Sa
Saunakesvara,3,0.8,Name/epithet requiring verification,proper_noun,"oncerned. (13) After bathing in DaQ.Qakhata, he should worship Vyaghrt""sa. ( 14) After bathing in Sa...",Part 11,Page 464,2.4000000000000004,Sa
Sarhjni,3,0.8,Name/epithet requiring verification,divine_epithet,agerly engaged in serving the Brahmai:ias. The deity Bah{?k)ulirka shines here along with Goddess Sa...,Part 9,Page 182,2.4000000000000004,Sa
Saril,3,0.8,Name/epithet requiring verification,divine_epithet,"BRAHMA~A PADMANABHA 12. ""Obeisance to the over-lord of Devas, to the Lord of Venkata wielding the Sa...",Part 4,Page 141,2.4000000000000004,Sa
Sarilhhu,3,0.8,Name/epithet requiring verification,divine_epithet,"now Rudra, th<· conqunor of lhe god of Dt·ath?"" 37. Prattling and boasting rhus, ttw attendants of S...",Part 11,Page 348,2.4000000000000004,Sa
Sarilkara,3,0.8,Name/epithet requiring verification,divine_epithet,"arai:iya). lndra said: 14-15. If you are pleased with me, 0 great lord, the ocean of sympathy, 0 Sar...",Part 9,Page 133,2.4000000000000004,Sa
Saritkalpa,3,0.8,Name/epithet requiring verification,divine_epithet,e lord with ploughshare for his weapon took his holy bath in that Tirtha along with the requisite Sa...,Part 8,Page 138,2.4000000000000004,Sa
Sarvabhak,3,0.8,Name/epithet requiring verification,divine_epithet,have come. Still I shall speak it by way of carrying out the beh~st of the Lord. 40. Indeed I am Sar...,Part 6,Page 22,2.4000000000000004,Sa
Sarvaga,3,0.8,Name/epithet requiring verification,divine_epithet,"Om Visvam (universe), Vi,i,u, Hnikesa, Sarvitmi (the soul of all), Sarvabhavana (creator of all), Sa...",Part 12,Page 261,2.4000000000000004,Sa
Sarvajfia,3,0.8,Name/epithet requiring verification,divine_epithet,"Lord of Animals'), Siva ('Auspicious'), Srikal).fha ('Embraced by Glory'), Mahesa ('Great Lord'), Sa...",Part 11,Page 376,2.4000000000000004,Sa
Sankhyas,3,0.8,Name/epithet requiring verification,divine_epithet,"en the image is to be 1. The Tattvc,s mentioned m v 8 are mamly lht· 24 Tfltt11ns cnum<.·r.ued by Sa...",Part 18,Page 389,2.4000000000000004,Sa
Sanskritization,3,0.8,Name/epithet requiring verification,proper_noun,"n his house, 0 king, and that (worship) is accepted by me."" J. The village of .Kurvas, probably a Sa...",Part 4,Page 75,2.4000000000000004,Sa
Santina,3,0.8,Name/epithet requiring verification,divine_epithet,laced it on cotton-beds and took it near the Mansion. 86-89. From above the flowers of the divine Sa...,Part 5,Page 165,2.4000000000000004,Sa
Saomukha,3,0.8,Name/epithet requiring verification,divine_epithet,". 5. The Three-eyed Lord of Devas, the destroyer of Tripura {Jives there) with Pirvati. Heramba, Sao...",Part 4,Page 112,2.4000000000000004,Sa
Sarasas,3,0.8,"Related to: Reed bed, birthplace of Kārttikeya",divine_epithet,"III.ii.15.74-111.ii.16.2 105 Sarasas etc. and it appears splendid. 74. 0 lord of the earth, it is re...",Part 9,Page 114,2.4000000000000004,Sa
Sarat,3,0.8,"Related to: Reed bed, birthplace of Kārttikeya",divine_epithet,gious festival of Goddess Visvabhuja should be assiduously cel- ebrated during the nine days of the ...,Part 11,Page 215,2.4000000000000004,Sa
Sarh,3,0.8,Name/epithet requiring verification,divine_epithet,Homa should be performed along with the principal deity. 102. Repeating the Mantra beginning with Sa...,Part 6,Page 131,2.4000000000000004,Sa
Sarhba,3,0.8,Name/epithet requiring verification,divine_epithet,he lord. This universe consisting of mobile and immobile beings is evolved out of his Maya Sakti. Sa...,Part 8,Page 161,2.4000000000000004,Sa
Sakuna,3,0.8,Name/epithet requiring verification,divine_epithet,"Signet ring). The Bahvrca should recite the follow- ing Suktas (hymn-passages): Srisukta, Pavamana, ...",Part 18,Page 86,2.4000000000000004,Sa
Salokya,3,0.8,Name/epithet requiring verification,divine_epithet,(the stay in) all the Narakas. It is proclaimed as the cause of all the riches. 30-34. It yields Sal...,Part 8,Page 362,2.4000000000000004,Sa
Samiina,3,0.8,Name/epithet requiring verification,divine_epithet,"(the Moon-god) arc stationed in the body, each of them being of five types. 18. Praf)a, Apana, Samii...",Part 2,Page 469,2.4000000000000004,Sa
Samipya,3,0.8,Name/epithet requiring verification,divine_epithet,y offering gold pots one is honoured in the world of Siva. By offering jew- elled pots one attains S...,Part 8,Page 296,2.4000000000000004,Sa
Samit,3,0.8,Name/epithet requiring verification,proper_noun,"ridhi., (sacrificial sticks laid round the sacred fire) issued from you and so also the twenty-one S...",Part 5,Page 145,2.4000000000000004,Sa
Samvartaka,3,0.8,Name/epithet requiring verification,divine_epithet,"is physical f01m. At the bidding of Sakra, the excellent Tirtha was filled with dust particles by Sa...",Part 16,Page 118,2.4000000000000004,Sa
Sangameivara,3,0.8,Name/epithet requiring verification,divine_epithet,"y season attains my region, 0 my beloved, much desired (by all). Thus the sin-destroying power of Sa...",Part 13,Page 261,2.4000000000000004,Sa
Saniga,3,0.8,Name/epithet requiring verification,divine_epithet,"s) and became enjoyers of excellent jewels. Nirada gave the (Kaustubha) jewel, Padma (Lakfmi), the S...",Part 12,Page 187,2.4000000000000004,Sa
Safi,3,0.8,Name/epithet requiring verification,divine_epithet,"32 Skarrda Pura~za The chaste goddess Safi, the daughter of Dak~a, abandoned her body and was born a...",Part 7,Page 43,2.4000000000000004,Sa
Sagaraditya,3,0.8,Name/epithet requiring verification,divine_epithet,384 SluJnda PuTil'l)IJ CHAPTER ONE HUNDRED TWENTYEIGHT Greatness of Sagaraditya hvaTa said: 1-4. The...,Part 20,Page 23,2.4000000000000004,Sa
Sagaras,3,0.8,Name/epithet requiring verification,proper_noun,"who was auspicious unto all, by whom all the three worlds were rendered sacred and pure, all the Sag...",Part 1,Page 174,2.4000000000000004,Sa
Sahasriqa,3,0.8,Name/epithet requiring verification,divine_epithet,"Gandhavati, Alaki or Aisi is equal to this in glory and pros- perity. • 18. He alone is called Sahas...",Part 10,Page 95,2.4000000000000004,Sa
Sailgamesvara,3,0.8,Name/epithet requiring verification,divine_epithet,"704 Skanda Pura'IJ,(l Sailgamesvara. 0 great goddess, he will never be separated from Lak,mi (prospe...",Part 20,Page 343,2.4000000000000004,Sa
Sakarhbhari,3,0.8,Name/epithet requiring verification,proper_noun,"r, the couple ate and sustained themselves with alms. 5-8. After some time Dul_1sila passed away. Sa...",Part 18,Page 442,2.4000000000000004,Sa
Sakta,3,0.8,Name/epithet requiring verification,divine_epithet,usand streams (i.e. water is poured from a pot with many holes pierced therein) while reciting irI S...,Part 5,Page 247,2.4000000000000004,Sa
Saktibheda,3,0.8,Name/epithet requiring verification,divine_epithet,2. Arjuna's Eulogy of the Sun-god 125 33. The Greatness of Kesavaditya 134 S4. The Greatness of Sakt...,Part 12,Page 9,2.4000000000000004,Sa
Sabdabrahman,3,0.8,Name/epithet requiring verification,divine_epithet,ogic practice) and held it in his hand. He was the presiding deity of the Gaoas. He surpasses the Sa...,Part 1,Page 81,2.4000000000000004,Sa
Sabhramati,3,0.8,Name/epithet requiring verification,proper_noun,"Ruru deer 966 Rupamaya Tirtha 643 Rupa Tirtha 639, 64 l Ruthlessness 663 Skanda Purii:r_1,a s Sabhra...",Part 18,Page 479,2.4000000000000004,Sa
Sacchitdra,3,0.8,Name/epithet requiring verification,proper_noun,"mal)as, ~atriyas, Vaisyas, and Sacchudras all are authorised to worship Saligrama, and none else. Sa...",Part 18,Page 276,2.4000000000000004,Sa
Saurabheyi,4,0.6,Name/epithet requiring verification,proper_noun,"a 307, 422, 426 Saubhadra 3,4 Saubhigya 291 Sauca 493 Saukfmya 423 Saumanasya 308 Saumya 322 Saurabh...",Part 2,Page 598,2.4,Sa
Sakraprastha,4,0.6,Name/epithet requiring verification,proper_noun,"355 Sabya 325,326 Saiva 353 ~aka 358 Sikadvipa 306, 307 Sakata 123 sakb~ 250 satra 45, 221 Sakrapras...",Part 2,Page 597,2.4,Sa
Sakas,4,0.6,Name/epithet requiring verification,proper_noun,"e realms joined hands to- gether (against him) .. 22- 23. Saura,iras, Kaikayas, Salvas, Kaliilgas, S...",Part 9,Page 286,2.4,Sa
Saivite,4,0.6,Name/epithet requiring verification,proper_noun,rcumambulationa are performed by 1: Differ• aaeeriall for prqllriq belda an: mealioned bcn bet die S...,Part 6,Page 244,2.4,Sa
Sail,4,0.6,Name/epithet requiring verification,proper_noun,"people, they will never meet with loss of wisdom e-vf'n when they die. 142-14:l. There alone i~ Sail...",Part 11,Page 122,2.4,Sa
Saudisa,4,0.6,Name/epithet requiring verification,proper_noun,"lent sage, came there and narrated everything perpetrated by the Riktasa. 4S. On hearing it, King Sa...",Part 16,Page 238,2.4,Sa
Sattras,4,0.6,Name/epithet requiring verification,proper_noun,"ter dying in this holy spot. 96. Those who are dependent on Nigamas {Vedas), those who abide by Satt...",Part 7,Page 220,2.4,Sa
Satapatha,4,0.6,Name/epithet requiring verification,proper_noun,"even in the Brihmar,a period (vide the story of Nabhinediftha in Aitareya Brahmaf}ll 22 9; aho cf Sa...",Part 7,Page 309,2.4,Sa
Sasilekha,4,0.6,Name/epithet requiring verification,proper_noun,"vatisvara 255 Skanda Puro:1:,,a Sarva 196 Sarvasarilpatkara 53 Sailnkesa 428 Sasibhus.ina 192 Sasile...",Part 11,Page 479,2.4,Sa
Saryati,4,0.6,Name/epithet requiring verification,divine_relation,"you belong?"" That highly fortunate, extremely chaste, lady said that she was the daugh- , ter of Sar...",Part 13,Page 113,2.4,Sa
Sarkara,4,0.6,Name/epithet requiring verification,proper_noun,"in), Ratna (jewel), Gut/,a (jaggery), Svar,.,,a (gold), Tila (gingelly seeds), K.arpiisa (cotton), S...",Part 19,Page 187,2.4,Sa
Sarikhya,4,0.6,Name/epithet requiring verification,proper_noun,they are born as Brahmavadins (expounders of Brahman). They regain that recollection of excellent Sa...,Part 12,Page 238,2.4,Sa
Santlh,4,0.6,Name/epithet requiring verification,proper_noun,"470 they please. They can roam about during the two Santlh,as (dusk and dawn). They were given habit...",Part 20,Page 109,2.4,Sa
Santano,4,0.6,Name/epithet requiring verification,divine_relation,"ather who had cast off his weapons, was struck down by Dh11tadyumna. Similarly, Bhitma, the son of S...",Part 8,Page 211,2.4,Sa
Sannan,4,0.6,Name/epithet requiring verification,proper_noun,"sage who was expounding the narrative. Addressing Candra Sarman, he spoke these words: ""O Candra San...",Part 6,Page 93,2.4,Sa
Sandamsa,4,0.6,Name/epithet requiring verification,proper_noun,"ati- misra, Raurava, Maharaurava, Kurilbhipika, Kilasiitra, Asi- patravana, Krmibhak~a, Andhakiipa, ...",Part 4,Page 86,2.4,Sa
Sanaiicara,4,0.6,Name/epithet requiring verification,divine_relation,"Vl.96.16-26 581 great bow, the king fitted an arrow therein and attacked Sanaiicara. He stood in fro...",Part 16,Page 392,2.4,Sa
Samhitii,4,0.6,Name/epithet requiring verification,proper_noun,"179 Agnitirtha, 17, 136. 138, 143, 34 7 Ahidam,tra, 3 7 Ahirbudhnya, 144, 145, 146 Ahirbudhn_va-Samh...",Part 8,Page 378,2.4,Sa
Salikha,4,0.6,Name/epithet requiring verification,proper_noun,king. He spoke these words even as Brahma and others were listening: Jr1 Bhagavan saitl: 61. O Salik...,Part 4,Page 229,2.4,Sa
Sarira,3,0.6,Name/epithet requiring verification,proper_noun,"tic of A vidya. This concept is similar to A,µ,va-mala of Kiimira Saivism. But here it is the Unga-S...",Part 7,Page 108,1.7999999999999998,Sa
Sarilbhava,3,0.6,Name/epithet requiring verification,proper_noun,"918, 919, 921, 922, 923, 924, 1226 Sarhbaditya 236, 924 Sarnbara deer 966 Sambasurya 237, 238 Sarilb...",Part 18,Page 479,1.7999999999999998,Sa
Sarilvatsara,3,0.6,Name/epithet requiring verification,proper_noun,s the eleventh and the twelfth one is remembered as one for nourishment (Pu1li- Srdddha). 43. The Sa...,Part 20,Page 154,1.7999999999999998,Sa
Sarhhara,3,0.6,Name/epithet requiring verification,proper_noun,by Markai;a<;leya; the greatness of Reva as well as that of Siva and Vitl)u; Characteristics of Sarh...,Part 15,Page 311,1.7999999999999998,Sa
Sarhjfii,3,0.6,Name/epithet requiring verification,divine_relation,"e, 190 Sarhbhugrima, 139 Samiral)a, 207 Sarhjiii, 93 Sarhjfii, the daughter of Visvakarman, 88 Sarhj...",Part 9,Page 417,1.7999999999999998,Sa
Savi,3,0.6,Name/epithet requiring verification,proper_noun,"irst in the great Makha."" They were too enthusiastic. CHAPTER ONE HUNDRED NINETYfWO Greatness of Sav...",Part 18,Page 29,1.7999999999999998,Sa
Savarl,3,0.6,Name/epithet requiring verification,proper_noun,"ivan,i, Bhautya, Raucya, then (Manu) called Brahma-Sivan,i, Rudra-Sivan,i, then (Manu) named Meru-Sa...",Part 7,Page 328,1.7999999999999998,Sa
Savanas,3,0.6,Name/epithet requiring verification,proper_noun,"e fet' due to the preceptor."" A dztya said: I 08-109. You must propagate Sf1ktas of the l,lgveda, Sa...",Part 18,Page 456,1.7999999999999998,Sa
Sauvira,3,0.6,Name/epithet requiring verification,proper_noun,"in Panjab between Ravi and Chenab), Pincila (Rohilkhanda), A vanti (Malwa, now in Madhya Pradesh), S...",Part 9,Page 286,1.7999999999999998,Sa
Sauvidalla,3,0.6,Name/epithet requiring verification,divine_relation,"- ment and reported to him everything as it had happened. On hearing the words of the eunuchs, the S...",Part 8,Page 109,1.7999999999999998,Sa
Sarvasva,3,0.6,Name/epithet requiring verification,proper_noun,"lpya 121 Sarva 115, 117 Sarvalokt:lvarclvan 115 Sarvintaka 222 Sarvariipa 321 Sarvure,fha 115 Sarvas...",Part 2,Page 597,1.7999999999999998,Sa
Sase,3,0.6,Name/epithet requiring verification,proper_noun,ficult to express) (14) Exaggerated ( 15) Words reversed or misarrangcd (as in spoonerism) ( 16) Sas...,Part 2,Page 430,1.7999999999999998,Sa
Sarvatomukha,3,0.6,Name/epithet requiring verification,proper_noun,"asi on Ganga or at Pu$kara or at Setu. A learned man shall perform Agni1/oma, Vajapeya, Vairo.Ja, Sa...",Part 3,Page 123,1.7999999999999998,Sa
Satyabhlml,3,0.6,Name/epithet requiring verification,proper_noun,"200 SklllltM.Panlpa 53. The greatness of Klrttika was recounted to Satyabhlml by Knr,a. De.lighted t...",Part 6,Page 211,1.7999999999999998,Sa
SatyaJoka,3,0.6,Name/epithet requiring verification,proper_noun,scribe to you the greatness of another holy spot and how Sarasvati was brought to DharmiraQya from S...,Part 9,Page 150,1.7999999999999998,Sa
Sauna,3,0.6,Name/epithet requiring verification,proper_noun,bands. They desist from violence and are very hospitable They are always devoted to their duties. Sa...,Part 9,Page 63,1.7999999999999998,Sa
Sasibhu,3,0.6,Name/epithet requiring verification,proper_noun,"emons i.e. Vi~r:iu), Pitimaha in the form of a boy, .Aditya belonging to Arkasthala, Prabhisa and Sa...",Part 19,Page 344,1.7999999999999998,Sa
Sasya,3,0.6,Name/epithet requiring verification,proper_noun,"n Arghya and other activities. The word .~armii in the Tarpar;ia rite; the word Sarma7J,ewhen the Sa...",Part 18,Page 208,1.7999999999999998,Sa
Satatapa,3,0.6,Name/epithet requiring verification,proper_noun,"ma, Apastarhba, Sarhvarta, Katyayana, Brhaspati, Parasara, Vyasa, Sankha, Likhita, Dak$a, Gautama, S...",Part 2,Page 360,1.7999999999999998,Sa
Satrumardana,3,0.6,Name/epithet requiring verification,proper_noun,"become one. ""How will the entire earth be mine?"" The eldest brother is Subahu. The second one is Sat...",Part 13,Page 246,1.7999999999999998,Sa
Satyabhimi,3,0.6,Name/epithet requiring verification,proper_noun,"rasva1i, 123, 347 Sarasvati and Giyaui, 265 Sirupya, 351 Sarvatinha, 182, 185 ~alinika, 34, 35 Satya...",Part 8,Page 384,1.7999999999999998,Sa
Savitf,3,0.6,Name/epithet requiring verification,proper_noun,"ge, became Pratiprasthatr priest. Varut:Ja became Ne~,r priest, Dhanesvara (Kubera) became Unnetr. S...",Part 8,Page 157,1.7999999999999998,Sa
Savitra,3,0.6,Name/epithet requiring verification,divine_relation,"of Gai:ias: Ajaikapat, Ahirbudhnya, Viriipak~a, Raivata, Hara, Bahurupa, Tryarilbaka, Suresvara, Sav...",Part 19,Page 136,1.7999999999999998,Sa
Sadhaka,3,0.6,Name/epithet requiring verification,proper_noun,and ornaments should be offered. Pure sweet scents with eight ancillaries should be offered. The Sad...,Part 9,Page 301,1.7999999999999998,Sa
Sagittarius,3,0.6,Name/epithet requiring verification,proper_noun,31. Scorpio and Sagittarius are stationed in the tail. The three beginning with Sagittarius (i.e. Sa...,Part 19,Page 78,1.7999999999999998,Sa
Sailada,3,0.6,Name/epithet requiring verification,divine_relation,"s arising from contact with Siva, they now became excited. The highly refulgent Nandi, the son of Sa...",Part 1,Page 190,1.7999999999999998,Sa
Saineya,3,0.6,Name/epithet requiring verification,divine_relation,atching both the· heroes were killed because the enemies were too many. 84. On seeing his son and Sa...,Part 20,Page 223,1.7999999999999998,Sa
Sakras,3,0.6,Name/epithet requiring verification,proper_noun,". Adbhuta, Santi, Ramya, Devavara, Vr1a .flladhaman, Divassvamin and Suci. These are the fourteen Sa...",Part 19,Page 347,1.7999999999999998,Sa
Sakresa,3,0.6,Name/epithet requiring verification,proper_noun,divaraha; The Tirtha named Asapiira; Kaubera; Maruta; Varuw:iesa Yamcsa; Ramesa; Karkatesvara; • Sak...,Part 15,Page 314,1.7999999999999998,Sa
Saligrima,3,0.6,Name/epithet requiring verification,proper_noun,year throughout with delicious dishes having all the six tastes. 12. One who makes the gift of a Sal...,Part 7,Page 136,1.7999999999999998,Sa
Sall,3,0.6,Name/epithet requiring verification,divine_relation,ven the wicked one the boon that he could not be killed by anyone except a son of Rudra. Formerly Sa...,Part 7,Page 43,1.7999999999999998,Sa
Salmala,3,0.6,Name/epithet requiring verification,sacred_place,"dhiril')i 572 StJaarima installed 532 SAlagrama Tirtha 5!12 Silaku!I (a river) 9 Sali,rima 571 Salma...",Part 15,Page 342,1.7999999999999998,Sa
Samaga,3,0.6,Name/epithet requiring verification,divine_relation,"equently uttering, ""Oh my son! Oh my son!"" The king went to his abode after killing the Brihmai:aa S...",Part 13,Page 147,1.7999999999999998,Sa
Samjiii,3,0.6,Name/epithet requiring verification,divine_relation,g daughter. 29. The Shadow-Lady did not behave lovingly towards the daughter and the two sons of Sam...,Part 9,Page 99,1.7999999999999998,Sa
Samkranti,3,0.6,Name/epithet requiring verification,proper_noun,"·day, on Mon- days, on the days of Vyatipata and Vaidhrti Yoga (special plan- etary positions), on S...",Part 9,Page 38,1.7999999999999998,Sa
Sandhyii,3,0.6,Name/epithet requiring verification,proper_noun,food only after feeding one's guests. One should avoid sleeping. learning and taking food during San...,Part 2,Page 382,1.7999999999999998,Sa
Sanga,3,0.6,Name/epithet requiring verification,sacred_place,EIGHT Greatness of Sarigamesvara isvara said: 1-4. A sin-destroying holy spot ancl shrine nan1ed San...,Part 20,Page 342,1.7999999999999998,Sa
Sankrinti,3,0.6,Name/epithet requiring verification,proper_noun,as a liberal donor. He enjoyed pleasures and had full control over his sense-organs. 4-5. During San...,Part 17,Page 178,1.7999999999999998,Sa
Sannyisin,3,0.6,Name/epithet requiring verification,proper_noun,mes here everyday and takes away my food? This abode should not at all be abandoned by me who am a S...,Part 6,Page 174,1.7999999999999998,Sa
Sanskrit,3,0.6,Name/epithet requiring verification,sacred_place,amous Siva-shrine in the Kamual District of Andhra Pradesh. It is also 'ramous as &iparvata in old S...,Part 3,Page 105,1.7999999999999998,Sa
Santll,3,0.6,Name/epithet requiring verification,proper_noun,"412 midday prayer, Santll&1a, the mother of the three worlds, was adored by him. If the pilgrim take...",Part 20,Page 51,1.7999999999999998,Sa
Sapra,3,0.6,Name/epithet requiring verification,proper_noun,"658 of the subjects), ~ (of multifarious activities), T....,. (dispeller of darkness), Varutu1, Sapr...",Part 20,Page 277,1.7999999999999998,Sa
Sarala,3,0.6,"Related to: Reed bed, birthplace of Kārttikeya",proper_noun,"1 (1:tose apple), Kadamba, Kaiatka, Khadira, Arjona, Pipala (Trumpet ftower tree), Niga, Punniga, Sa...",Part 4,Page 182,1.7999999999999998,Sa
Sarasvatl,3,0.6,"Related to: Reed bed, birthplace of Kārttikeya",proper_noun,"e Sruti avers The SArasvata Pi'11,a of Taittiriya Samhiti attributed tt) him was taught to him by Sa...",Part 2,Page 19,1.7999999999999998,Sa
